match_key,match_id,timestamp
1,NA1_5215882955,1737934586664
2,NA1_5215162960,1737859917206
3,NA1_5215125821,1737857764554
4,NA1_5215119008,1737857382377
5,NA1_5215075640,1737854774674
6,NA1_5214103990,1737763029611
7,NA1_5214064977,1737760004653
8,NA1_5213245555,1737674743297
9,NA1_5213121168,1737663206429
10,NA1_5213073434,1737656055017
11,NA1_5213019998,1737643628743
12,NA1_5213008401,1737640795337
13,NA1_5211904049,1737501165956
14,NA1_5211887012,1737499362634
15,NA1_5211250159,1737418913143
16,NA1_5211223220,1737416862951
17,NA1_5211186571,1737413935384
18,NA1_5209907511,1737262925616
19,NA1_5209889359,1737261621393
20,NA1_5209854299,1737259325186
21,NA1_5209816698,1737256850795
22,NA1_5209576645,1737237245726
23,NA1_5209556279,1737235141959
24,NA1_5209493830,1737228893345
25,NA1_5209462502,1737225879367
26,NA1_5208990032,1737166655051
27,NA1_5208957152,1737164387822
28,NA1_5208168307,1737069654399
29,NA1_5207497771,1736983144085
30,NA1_5207464458,1736979989349
31,NA1_5206141189,1736811405459
32,NA1_5204470759,1736630594485
33,NA1_5204422309,1736626677843
34,NA1_5204402139,1736624715983
35,NA1_5204383157,1736622796292
36,NA1_5202933117,1736466308932
37,NA1_5202909119,1736464448188
38,NA1_5202882187,1736462240437
39,NA1_5202455451,1736397231270
40,NA1_5202394850,1736393001001
41,NA1_5202343281,1736389870615
42,NA1_5201465874,1736292022712
43,NA1_5201445081,1736290146437
44,NA1_5200780276,1736209426105
45,NA1_5200748011,1736206540092
46,NA1_5200714093,1736203447642
47,NA1_5200700180,1736202112199
48,NA1_5200066067,1736125749014
49,NA1_5199966238,1736118492476
50,NA1_5199962836,1736118064854
51,NA1_5199922588,1736115173296
52,NA1_5239086141,1740784277203
53,NA1_5239073208,1740782727860
54,NA1_5239056059,1740780361491
55,NA1_5238516509,1740699992909
56,NA1_5235321262,1740261321072
57,NA1_5234690468,1740182793221
58,NA1_5234008394,1740090607535
59,NA1_5231780061,1739824788975
60,NA1_5231755953,1739822430949
61,NA1_5231741820,1739820829656
62,NA1_5231211921,1739758610255
63,NA1_5231175752,1739756230520
64,NA1_5231147576,1739754622055
65,NA1_5230498208,1739681526941
66,NA1_5230204402,1739660121810
67,NA1_5244434111,1741543446475
68,NA1_5244416400,1741541348186
69,NA1_5240366593,1740953600583
70,NA1_5240347276,1740951517001
71,NA1_5240331476,1740949764880
72,NA1_5240001679,1740893489741
73,NA1_5239637391,1740860425281
74,NA1_5239611533,1740857402474
75,NA1_5239322929,1740805693679
76,NA1_5239289963,1740803195215
77,NA1_5307266309,1749940512287
78,NA1_5307243768,1749937908815
79,NA1_5324182438,1752363850134
80,NA1_5324162029,1752361476911
81,NA1_5323962441,1752335529275
82,NA1_5323954500,1752333673933
83,NA1_5323948144,1752331809035
84,NA1_5323530199,1752272781219
85,NA1_5323513703,1752271193417
86,NA1_5321201046,1751919410187
87,NA1_5321181031,1751916625588
88,NA1_5321155427,1751912982607
89,NA1_5321140412,1751910534179
90,NA1_5321127374,1751908398453
91,NA1_5320878599,1751859150818
92,NA1_5320704518,1751845139360
93,NA1_5320672572,1751841960958
94,NA1_5320505232,1751823642152
95,NA1_5320493258,1751821861069
96,NA1_5320483264,1751820312064
97,NA1_5320466453,1751817470243
98,NA1_5320450220,1751813860217
99,NA1_5358851605,1756586969092
100,NA1_5379228791,1759032319060
101,NA1_5379176993,1759030203165
102,NA1_5379000933,1759022672652
103,NA1_5378968939,1759021153556
104,NA1_5378934432,1759019592335
105,NA1_5378883696,1759017115091
106,NA1_5378844146,1759014899907
107,NA1_5373315683,1758582333466
108,NA1_5372699658,1758490874045
109,NA1_5372678298,1758488583854
110,NA1_5372654625,1758486123696
111,NA1_5372641006,1758484552993
112,NA1_5372626464,1758483045363
113,NA1_5372610966,1758480932527
114,NA1_5372597165,1758479128468
115,NA1_5372185919,1758416982868
116,NA1_5371592445,1758333652861
117,NA1_5371559612,1758331066697
118,NA1_5371546204,1758329694961
119,NA1_5371525138,1758327599348
120,NA1_5371476818,1758322090184
121,NA1_5369088537,1757955312922
122,NA1_5392469799,1760389427531
123,NA1_5391964529,1760321391491
124,NA1_5391928888,1760318860521
125,NA1_5391889410,1760316284819
126,NA1_5387304078,1759789876426
127,NA1_5387280735,1759787624174
128,NA1_5386561156,1759706051137
129,NA1_5386523513,1759703535025
130,NA1_5386422427,1759695844513
131,NA1_5386392541,1759693514291
132,NA1_5386369882,1759691291036
